Filename,Identity
Image_001.jpg,Example
Image_002.jpg,MOTORCYCLE
Image_003.jpg,VACATION
Image_004.jpg,WEDNESDAY
Image_005.jpg,LASAGNA
Image_006.jpg,SPAGHETTI
Image_007.jpg,technology
Image_008.jpg,quiz
Image_009.jpg,juice
Image_010.jpg,watermelon
Image_011.jpg,applesauce
Image_012.jpg,CUPCAKE
Image_013.jpg,QUICHE
Image_014.jpg,BROWNIE
Image_015.jpg,AXOLOTL
Image_016.jpg,Jellyfish
Image_017.jpg,Unicorn
Image_018.jpg,Octopus
Image_019.jpg,Zebra
Image_020.jpg,Xylophone
IMG_3836.jpg,The
IMG_3837.jpg,quick
IMG_3838.jpg,brown
IMG_3839.jpg,dog
IMG_3840.jpg,jumped
IMG_3841.jpg,over
IMG_3842.jpg,the
IMG_3843.jpg,lazy
IMG_3844.jpg,fox
IMG_3846.jpg,QUICK
IMG_3847.jpg,BROWN
IMG_3848.jpg,DOG
IMG_3849.jpg,JUMPED
IMG_3850.jpg,OVER
IMG_3851.jpg,THE
IMG_3852.jpg,LAZY
IMG_3853.jpg,FOX
IMG_3854.jpg,WELCOME
IMG_3855.jpg,TO
IMG_3856.jpg,MACHINE
IMG_3857.jpg,LEARNING
IMG_3858.jpg,welcome
IMG_3859.jpg,to
IMG_3860.jpg,machine
IMG_3861.jpg,learning
IMG_3862.jpg,JOHNS
IMG_3863.jpg,HOPKINS
IMG_3864.jpg,UNIVERSITY
Picture1.png,CARPENTER
Picture2.png,EPILOGUE
Picture3.png,GROUNDED
Picture4.png,KAZOO
Picture5.png,amateur
Picture6.png,bandolier
Picture7.png,Whiting
Picture8.png,quitting
Picture9.png,FJORD
Picture10.png,savant
Picture11.png,XENOCIDE
Picture12.png,yonder
Picture13.png,PULLY
Picture14.png,kudzu
Picture15.png,Harmonic
Picture16.png,Quote
Picture17.png,Bifaces
Picture18.png,java
Picture19.png,TWIXT
Picture20.png,muscles
week,WIN_20240309_17_02_15_Pro.jpg
Bed,WIN_20240309_17_01_34_Pro.jpg
body,WIN_20240309_17_01_24_Pro.jpg
deal,WIN_20240309_17_01_14_Pro.jpg
team,WIN_20240309_17_01_04_Pro.jpg
Wispy,WIN_20240309_17_00_54_Pro.jpg
ally,WIN_20240309_17_00_43_Pro.jpg
Watch,WIN_20240309_17_00_33_Pro.jpg
Sweet,WIN_20240309_17_00_23_Pro.jpg
Pain,WIN_20240309_17_00_13_Pro.jpg
green,WIN_20240309_17_00_03_Pro.jpg
Knee,WIN_20240309_16_59_53_Pro.jpg
wings,WIN_20240309_16_59_42_Pro.jpg
carry,WIN_20240309_16_59_32_Pro.jpg
Smart,WIN_20240309_16_59_02_Pro.jpg
eye,WIN_20240309_16_58_52_Pro.jpg
Word,WIN_20240309_16_58_41_Pro.jpg
Child,WIN_20240309_16_58_31_Pro.jpg
Firm,WIN_20240309_16_58_21_Pro.jpg
bird,WIN_20240309_16_58_11_Pro.jpg
Smoke	,WIN_20240309_16_58_01_Pro.jpg
meet,WIN_20240309_16_57_51_Pro.jpg
cook,WIN_20240309_16_57_40_Pro.jpg
fire,WIN_20240309_16_57_30_Pro.jpg
Water,WIN_20240309_16_57_20_Pro.jpg
dry,WIN_20240309_16_57_10_Pro.jpg
blood,WIN_20240309_16_57_00_Pro.jpg
Moss,WIN_20240309_16_56_50_Pro.jpg
hair,WIN_20240309_16_56_39_Pro.jpg
Beef,WIN_20240309_16_56_29_Pro.jpg
tow,WIN_20240309_16_56_09_Pro.jpg
head,WIN_20240309_16_55_59_Pro.jpg
Hot,WIN_20240309_16_55_49_Pro.jpg
Sun,WIN_20240309_16_55_38_Pro.jpg
wide,WIN_20240309_16_55_28_Pro.jpg
hour,WIN_20240309_16_55_18_Pro.jpg
treat,WIN_20240309_16_55_08_Pro.jpg
cut,WIN_20240309_16_54_58_Pro.jpg
Shoot,WIN_20240309_16_54_48_Pro.jpg
Face,WIN_20240309_16_54_37_Pro.jpg
Work,WIN_20240309_16_54_27_Pro.jpg
Home,WIN_20240309_16_54_17_Pro.jpg
tree,WIN_20240309_16_54_07_Pro.jpg
clean,WIN_20240309_16_53_57_Pro.jpg
arrow,WIN_20240309_16_53_47_Pro.jpg
Bow,WIN_20240309_16_53_36_Pro.jpg
Good,WIN_20240309_16_53_26_Pro.jpg
Wood,WIN_20240309_16_53_16_Pro.jpg
Flower,WIN_20240309_16_53_06_Pro.jpg
